"","x"
"1","Seattle"
"2","Seattle"
"3","Seattle"
"4","Seattle"
"5","Seattle"
"6","Seattle"
"7","Seattle"
"8","Seattle"
"9","Seattle"
"10","Seattle"
"11","Seattle"
"12","Seattle"
"13","Seattle"
"14","Seattle"
"15","Seattle"
"16","Newark"
"17","Newark"
"18","Newark"
"19","Newark"
"20","Newark"
"21","Newark"
"22","Newark"
"23","Newark"
"24","Newark"
"25","Newark"
"26","Newark"
"27","Newark"
"28","Newark"
"29","Newark"
"30","Newark"
"31","Newark"
"32","Newark"
"33","Newark"
"34","Newark"
"35","Newark"
"36","Newark"
"37","Newark"
"38","Newark"
"39","Newark"
"40","Newark"
"41","Newark"
"42","Newark"
"43","Newark"
"44","Vienna"
"45","Centreville"
"46","Newark"
"47","Newark"
"48","Newark"
"49","Newark"
"50","Newark"
"51","Newark"
"52","Newark"
"53","Newark"
"54","Newark"
"55","Newark"
"56","Newark"
"57","Newark"
"58","Newark"
"59","Bradenton"
"60","Atlanta"
"61","Atlanta"
"62","Atlanta"
"63","Atlanta"
"64","Atlanta"
"65","Atlanta"
"66","San Francisco"
"67","Des Moines"
"68","Des Moines"
"69","Des Moines"
"70","Des Moines"
"71","Des Moines"
"72","Des Moines"
"73","Des Moines"
"74","Des Moines"
"75","Des Moines"
"76","Des Moines"
"77","Des Moines"
"78","Centreville"
"79","Centreville"
"80","Dallas"
"81","Philadelphia"
"82","Long Island City"
"83","Long Island City"
"84","Long Island City"
"85","Long Island City"
"86","New York"
"87","New York"
"88","Hagerstown"
"89","Hagerstown"
"90","Hagerstown"
"91","Hagerstown"
"92","Hagerstown"
"93","Hagerstown"
"94","Hagerstown"
"95","Hagerstown"
"96","Hagerstown"
"97","Hagerstown"
"98","Hagerstown"
"99","Hagerstown"
"100","Hagerstown"
"101","Hagerstown"
"102","Hagerstown"
"103","Hagerstown"
"104","Hagerstown"
"105","Hagerstown"
"106","Hagerstown"
"107","Hagerstown"
"108","Hagerstown"
"109","Hagerstown"
"110","Hagerstown"
"111","Hagerstown"
"112","Hagerstown"
"113","Hagerstown"
"114","Hagerstown"
"115","Hagerstown"
"116","Hagerstown"
"117","Hagerstown"
"118","Hagerstown"
"119","Hagerstown"
"120","Hagerstown"
"121","Hagerstown"
"122","Hagerstown"
"123","Hagerstown"
"124","Hagerstown"
"125","Hagerstown"
"126","Hagerstown"
"127","Fort Worth"
"128","Fort Worth"
"129","Seattle"
"130","Seattle"
"131","Seattle"
"132","Seattle"
"133","Seattle"
"134","Seattle"
"135","Seattle"
"136","Seattle"
"137","Seattle"
"138","Seattle"
"139","Seattle"
"140","Seattle"
"141","Louisville"
"142","Louisville"
"143","Louisville"
"144","Philadelphia"
"145","Philadelphia"
"146","Philadelphia"
"147","Chicago"
"148","Bethesda"
"149","Saddle Brook"
"150","Reston"
"151","Faquay Wanna"
"152","Faquay Wanna"
"153","Faquay Wanna"
"154","Faquay Wanna"
"155","Faquay Wanna"
"156","Faquay Wanna"
"157","Faquay Wanna"
"158","Faquay Wanna"
"159","Faquay Wanna"
"160","Faquay Wanna"
"161","Faquay Wanna"
"162","Faquay Wanna"
"163","Faquay Wanna"
"164","Faquay Wanna"
"165","Faquay Wanna"
"166","Faquay Wanna"
"167","Faquay Wanna"
"168","Faquay Wanna"
"169","Faquay Wanna"
"170","Faquay Wanna"
"171","Faquay Wanna"
"172","Faquay Wanna"
"173","Faquay Wanna"
"174","Faquay Wanna"
"175","Faquay Wanna"
"176","Faquay Wanna"
"177","Faquay Wanna"
"178","Faquay Wanna"
"179","Faquay Wanna"
"180","Faquay Wanna"
"181","Faquay Wanna"
"182","Faquay Wanna"
"183","Faquay Wanna"
"184","Faquay Wanna"
"185","Faquay Wanna"
"186","Faquay Wanna"
"187","Faquay Wanna"
"188","Faquay Wanna"
"189","Philadelphia"
"190","Westerly"
"191","Philadelphia"
"192","Philadelphia"
"193","Arlington"
"194","South Lake"
"195","San Francisco"
"196","San Francisco"
"197","San Francisco"
"198","San Francisco"
"199","San Francisco"
"200","San Francisco"
"201","San Francisco"
"202","San Francisco"
"203","San Francisco"
"204","San Francisco"
"205","San Francisco"
"206","San Francisco"
"207","San Francisco"
"208","San Francisco"
"209","San Francisco"
"210","San Francisco"
"211","San Francisco"
"212","San Francisco"
"213","Pittsburgh"
"214","Pittsburgh"
"215","Pittsburgh"
"216","Pittsburgh"
"217","Pittsburgh"
"218","Pittsburgh"
"219","Pittsburgh"
"220","Pittsburgh"
"221","Pittsburgh"
"222","Pittsburgh"
"223","Pittsburgh"
"224","Pittsburgh"
"225","Pittsburgh"
"226","Pittsburgh"
"227","Pittsburgh"
"228","Newark"
"229","Newark"
"230","Newark"
"231","Newark"
"232","Newark"
"233","Philadelphia"
"234","Springfield"
"235","Elk Grove"
"236","Omaha"
"237","Bangor"
"238","Philadelphia"
"239","Philadelphia"
"240","Philadelphia"
"241","Philadelphia"
"242","Philadelphia"
"243","Philadelphia"
"244","Philadelphia"
"245","Philadelphia"
"246","Philadelphia"
"247","Philadelphia"
"248","Philadelphia"
"249","Philadelphia"
"250","Elmhurst"
"251","Elmhurst"
"252","Bothell"
"253","Pittsburgh"
"254","La Quinta"
"255","La Quinta"
"256","Albuquerque"
"257","Palm Beach Gardens"
"258","Tallahassee"
"259","New York"
"260","Long Island City"
"261","Long Island City"
"262","Long Island City"
"263","Long Island City"
"264","Long Island City"
"265","Long Island City"
"266","Fresno"
"267","Thousand Oaks"
"268","Jericho"
"269","Prescott"
"270","Concord"
"271","Tempe"
"272","University Heights"
"273","Orchard Beach"
"274","Mooseheart"
"275","Emily"
"276","Emily"
"277","San Bernadino"
"278","Beacon"
